c1	KS.9.1.1-15.br	KS.9.1.br	KS.9.11.br
MS.1.7.br	0.93421936	0.99932307	0.98534304
