c1	KS.9.1.1-15.br	KS.9.1.br	KS.9.11.br
MS.1.7.br	0.9310914	0.9993003	0.9846112
