	lemma20	lemma100	lemma200
MS.1.1.-MS.1.6.	0.9030263	0.9701542	0.98034286
MS.1.6.-MS.1.7.	0.9072905	0.9720692	0.9851106
MS.1.6.-KS.8.	0.908703	0.9710621	0.9820886
MS.1.7.-KS.9.1.	0.90415645	0.9770549	0.9901034
MS.1.9.-KS.9.11.	0.89659274	0.97145104	0.98346096
