c1	KS.9.1.br	KS.9.11.br
MS.1.7.br	0.9971845	0.98682857
