	MS.1.1-MS.1.6	MS.1.6-MS.1.7	MS.1.6-KS.8	MS.1.7-KS.9.1
MS.1.1-MS.1.6		3.18596182624358e-76	5.760346713662768e-271	1.26588364756601e-31
MS.1.6-MS.1.7			6.2827929852881435e-12	0.00030871536070704105
MS.1.6-KS.8				0.23008811600472695
MS.1.7-KS.9.1				
